protein,pdbid,type,pocket,selected,Score,Druggability Score,Number of Alpha Spheres,Total SASA,Polar SASA,Apolar SASA,Volume,Mean local hydrophobic density,Mean alpha sphere radius,Mean alp. sph. solvent access,Apolar alpha sphere proportion,Hydrophobicity score,Volume score,Polarity score,Charge score,Proportion of polar atoms,Alpha sphere density,Cent. of mass - Alpha Sphere max dist,Flexibility
FOXA1,7VOX,TF,P1,False,0.281,0.027,33,126.445,67.271,59.174,386.601,9.000,3.795,0.412,0.303,26.375,6.125,8,2,40.909,3.614,9.239,0.423
FOXA1,7VOX,TF,P2,False,0.246,0.001,15,61.753,30.355,31.398,228.649,2.000,3.720,0.503,0.200,9.857,5.000,5,1,53.333,3.490,7.758,0.145
FOXA1,7VOX,TF,P3,False,0.214,0.000,20,92.556,51.496,41.059,378.101,2.000,3.965,0.615,0.150,4.500,3.375,6,-1,57.895,3.609,8.903,0.401
FOXA1,7VOX,TF,P4,False,0.201,0.000,17,45.439,24.909,20.530,177.605,0.000,3.836,0.475,0.059,5.250,5.500,4,2,46.154,1.969,4.863,0.512
FOXA1,7VOX,TF,P5,False,0.185,0.001,16,59.072,30.089,28.983,248.428,3.000,4.029,0.742,0.250,-16.571,2.714,3,1,50.000,2.543,6.411,0.364
FOXA1,7VOX,TF,P6,True,0.071,0.232,16,61.150,16.072,45.078,172.595,13.000,4.030,0.656,0.875,44.000,4.667,2,0,21.429,1.418,4.175,0.303
FOXM1,3G73,TF,P1,False,0.353,0.077,22,94.272,41.136,53.136,309.002,6.000,4.061,0.628,0.318,19.556,4.778,6,2,40.000,3.091,8.762,0.206
FOXM1,3G73,TF,P2,True,0.261,0.181,17,58.902,13.012,45.890,175.084,9.000,4.080,0.795,0.588,12.600,3.200,3,0,35.294,1.839,3.780,0.184
FOXO3,2UZK,TF,P1,True,0.409,0.856,58,148.534,20.446,128.088,673.871,41.208,3.747,0.457,0.828,46.357,4.643,6,0,27.500,5.309,16.476,0.267
FOXO3,2UZK,TF,P2,False,0.140,0.001,21,80.954,33.857,47.098,304.584,10.000,3.978,0.738,0.524,7.333,4.667,5,3,47.619,3.609,7.398,0.202
FOXO3,2UZK,TF,P3,False,0.108,0.000,24,93.171,56.942,36.229,382.618,7.000,4.043,0.663,0.333,31.222,4.667,6,0,45.455,3.457,8.115,0.411
FOXO3,2UZK,TF,P4,False,0.083,0.000,20,62.946,27.924,35.021,266.473,5.000,4.030,0.738,0.300,-21.750,4.250,4,-1,47.619,2.315,6.340,0.285
FOXO3,2UZK,TF,P5,False,0.064,0.000,20,55.424,31.271,24.153,227.534,4.000,4.097,0.701,0.250,-6.250,2.500,3,1,46.667,1.790,4.681,0.218
FOXO3,2UZK,TF,P6,False,0.059,0.016,23,72.558,18.215,54.343,221.397,20.000,3.870,0.518,0.913,8.500,4.625,8,1,21.053,2.211,6.830,0.254
FOXO3,2UZK,TF,P7,False,0.046,0.000,15,60.575,27.969,32.606,214.327,2.000,4.003,0.568,0.200,9.143,4.571,5,0,41.176,2.275,4.777,0.111
FOXO3,2UZK,TF,P8,False,0.002,0.000,21,99.460,65.647,33.814,347.603,8.000,4.157,0.453,0.429,-7.833,4.167,4,0,50.000,2.927,6.728,0.525
ERa,3ERT,control,P1,True,0.241,0.954,107,222.529,48.393,174.136,857.000,57.098,4.084,0.557,0.766,58.111,4.519,7,-1,25.806,6.388,15.867,0.176
ERa,3ERT,control,P2,False,0.204,0.006,63,113.030,44.195,68.835,379.576,16.273,3.851,0.451,0.349,32.000,4.933,7,1,30.556,4.186,9.038,0.116
ERa,3ERT,control,P3,False,0.184,0.356,66,128.533,18.480,110.053,521.016,37.733,4.038,0.517,0.682,39.000,4.400,5,3,29.730,4.589,13.142,0.117
ERa,3ERT,control,P4,False,0.125,0.003,27,80.379,33.282,47.097,249.072,11.000,3.793,0.506,0.444,28.000,4.667,4,-1,26.087,3.995,8.897,0.751
ERa,3ERT,control,P5,False,0.079,0.001,45,117.813,45.355,72.458,484.055,15.000,3.967,0.497,0.356,22.364,4.545,6,0,42.857,4.076,9.407,0.342
ERa,3ERT,control,P6,False,0.063,0.002,34,133.517,65.890,67.627,437.832,11.529,4.109,0.566,0.500,44.500,4.375,4,1,40.741,5.251,13.823,0.054
ERa,3ERT,control,P7,False,0.009,0.002,25,80.073,21.473,58.599,237.290,17.000,3.919,0.494,0.720,46.429,3.714,2,0,36.842,2.821,5.586,0.720
ERa,3ERT,control,P8,False,0.001,0.001,29,89.301,32.542,56.759,281.895,6.000,3.887,0.501,0.241,11.200,3.800,8,0,41.667,2.898,6.939,0.555
ERa,3ERT,control,P9,False,-0.004,0.000,16,55.465,32.520,22.945,244.430,6.000,4.046,0.707,0.438,10.600,4.800,4,1,41.176,2.059,5.417,0.253
ERa,3ERT,control,P10,False,-0.006,0.000,24,100.495,60.643,39.852,388.225,4.000,4.176,0.595,0.208,24.111,4.444,5,2,50.000,3.489,7.260,0.438
ERa,3ERT,control,P11,False,-0.014,0.000,18,92.188,55.959,36.229,387.783,1.000,4.009,0.564,0.111,7.500,3.667,4,0,55.556,3.418,9.015,0.572
ERa,3ERT,control,P12,False,-0.019,0.001,22,78.855,35.380,43.475,274.153,4.000,4.043,0.564,0.227,14.000,4.000,4,0,40.000,2.632,6.660,0.311
ERa,3ERT,control,P13,False,-0.021,0.000,15,71.846,38.032,33.814,276.087,1.000,4.143,0.764,0.133,7.143,3.857,4,1,47.059,2.636,7.330,0.260
ERa,3ERT,control,P14,False,-0.065,0.000,21,81.319,45.090,36.229,235.627,2.000,4.094,0.647,0.143,-10.000,4.800,4,0,37.500,2.272,4.356,0.348
ERa,3ERT,control,P15,False,-0.122,0.000,21,139.750,70.915,68.835,422.791,2.000,3.934,0.548,0.143,38.100,4.700,5,0,45.455,4.136,11.140,0.368
HER2,3PP0,control,P1,True,0.178,0.526,146,321.352,149.552,171.800,1253.754,39.870,3.962,0.471,0.527,28.344,3.969,14,1,39.744,8.739,22.741,0.193
HER2,3PP0,control,P2,False,0.133,0.002,38,66.276,22.722,43.554,278.733,5.714,3.719,0.479,0.184,22.667,3.833,5,2,48.000,3.394,8.834,0.278
HER2,3PP0,control,P3,False,0.110,0.001,25,70.023,32.586,37.436,313.021,11.000,3.901,0.675,0.480,18.000,4.778,4,2,42.308,3.780,8.999,0.479
HER2,3PP0,control,P4,False,0.059,0.003,19,69.389,25.914,43.475,175.231,10.000,3.594,0.395,0.579,52.222,4.111,2,1,31.579,3.456,7.715,0.359
HER2,3PP0,control,P5,False,0.049,0.001,16,59.179,20.535,38.644,204.997,7.000,3.783,0.499,0.500,7.667,4.333,2,1,28.571,2.979,5.929,0.278
HER2,3PP0,control,P6,False,0.030,0.029,51,138.072,83.729,54.343,540.060,27.941,3.995,0.566,0.667,4.545,4.545,7,0,38.235,4.525,11.024,0.220
HER2,3PP0,control,P7,False,0.019,0.000,20,48.789,27.052,21.737,130.923,5.000,3.615,0.386,0.300,18.857,4.571,5,2,43.750,2.076,4.838,0.245
HER2,3PP0,control,P8,False,0.002,0.002,19,83.413,37.523,45.890,243.089,8.000,3.715,0.509,0.474,2.667,4.889,7,0,45.000,3.402,6.618,0.281
HER2,3PP0,control,P9,False,-0.012,0.200,53,120.003,35.469,84.534,386.392,30.000,4.056,0.461,0.585,24.312,4.250,8,0,38.710,3.550,9.110,0.345
HER2,3PP0,control,P10,False,-0.013,0.000,18,57.844,40.937,16.907,201.762,0.000,3.882,0.432,0.000,21.000,5.000,4,-1,61.538,2.190,4.135,0.502
HER2,3PP0,control,P11,False,-0.026,0.000,21,63.571,15.266,48.305,224.036,5.000,3.842,0.419,0.286,36.222,5.000,4,3,43.750,2.202,5.051,0.470
HER2,3PP0,control,P12,False,-0.031,0.000,19,82.574,43.930,38.644,290.658,6.000,3.956,0.613,0.368,-8.600,4.400,4,-2,41.176,3.028,8.311,0.409
HER2,3PP0,control,P13,False,-0.063,0.004,20,90.036,23.616,66.420,261.149,11.692,3.951,0.515,0.650,50.286,3.714,2,0,36.842,3.006,7.611,0.235
HER2,3PP0,control,P14,False,-0.086,0.000,19,54.533,29.173,25.360,211.904,2.000,4.386,0.560,0.158,37.667,3.833,3,0,50.000,1.222,3.452,0.166
HER2,3PP0,control,P15,False,-0.090,0.002,16,68.818,20.513,48.305,230.722,13.000,4.067,0.623,0.875,29.000,5.286,4,0,28.571,1.906,4.910,0.379
HER2,3PP0,control,P16,False,-0.095,0.002,15,59.789,5.446,54.343,159.740,12.000,3.742,0.430,0.867,68.200,4.400,1,0,25.000,1.521,4.428,0.288
HER2,3PP0,control,P17,False,-0.098,0.047,57,253.958,106.628,147.331,847.196,17.600,4.052,0.545,0.439,36.842,4.211,7,1,43.182,7.682,20.498,0.404
HER2,3PP0,control,P18,False,-0.099,0.001,34,158.437,98.056,60.381,437.062,10.000,3.812,0.446,0.324,4.500,4.700,7,0,46.154,4.862,12.144,0.471
HER2,3PP0,control,P19,False,-0.132,0.000,31,122.803,80.536,42.267,394.262,6.000,4.206,0.554,0.226,-10.200,4.200,10,0,56.522,3.183,8.013,0.342
PI3Ka,3HHM,control,P1,False,0.139,0.110,69,220.714,90.290,130.424,786.457,14.062,3.978,0.531,0.464,-0.474,4.579,13,1,39.216,8.986,20.360,0.230
PI3Ka,3HHM,control,P2,False,0.087,0.048,26,28.324,5.379,22.945,125.545,21.000,3.698,0.414,0.846,45.800,5.000,4,0,25.000,2.027,4.550,0.197
PI3Ka,3HHM,control,P3,False,0.055,0.008,15,29.221,0.000,29.221,104.476,14.000,3.575,0.397,1.000,81.200,5.300,1,0,0.000,1.989,4.144,0.057
PI3Ka,3HHM,control,P4,False,0.039,0.001,15,75.264,38.639,36.625,263.352,1.000,3.858,0.635,0.133,8.000,4.143,6,0,56.250,3.804,8.758,0.392
PI3Ka,3HHM,control,P5,False,0.034,0.001,17,84.315,32.387,51.928,302.007,3.667,3.838,0.661,0.353,10.167,4.000,5,1,30.000,4.080,8.233,0.367
PI3Ka,3HHM,control,P6,False,0.033,0.002,16,63.145,28.123,35.021,236.436,7.000,4.038,0.639,0.500,1.429,3.286,5,0,40.000,3.207,6.436,0.378
PI3Ka,3HHM,control,P7,False,0.031,0.006,25,52.960,21.562,31.398,161.703,11.000,3.680,0.398,0.480,34.500,4.500,5,1,38.889,2.495,5.624,0.118
PI3Ka,3HHM,control,P8,False,0.025,0.005,19,48.881,18.215,30.666,215.355,14.000,3.972,0.614,0.789,44.000,5.167,4,1,17.647,2.410,5.226,0.431
PI3Ka,3HHM,control,P9,False,0.014,0.013,15,73.740,19.397,54.343,223.159,11.000,3.803,0.567,0.800,51.833,5.500,3,0,26.667,3.497,7.654,0.463
PI3Ka,3HHM,control,P10,False,0.012,0.009,44,75.744,25.914,49.829,225.231,10.000,3.842,0.492,0.250,24.091,4.364,5,0,46.154,2.779,7.065,0.581
PI3Ka,3HHM,control,P11,False,0.011,0.002,46,127.719,81.829,45.890,429.686,7.000,3.765,0.410,0.174,19.077,4.462,7,2,50.000,4.846,12.120,0.362
PI3Ka,3HHM,control,P12,False,0.001,0.029,32,100.379,29.129,71.250,416.329,16.105,3.819,0.507,0.594,17.727,3.909,6,1,37.037,3.955,9.512,0.492
PI3Ka,3HHM,control,P13,False,0.001,0.000,17,52.324,26.964,25.360,160.372,2.000,3.647,0.568,0.176,-4.750,4.000,7,2,43.750,2.345,4.461,0.457
PI3Ka,3HHM,control,P14,False,-0.003,0.004,26,43.321,21.584,21.737,151.758,11.000,3.957,0.514,0.462,23.200,4.800,6,0,47.368,1.696,4.183,0.212
PI3Ka,3HHM,control,P15,False,-0.004,0.000,21,74.399,58.700,15.699,253.818,1.000,3.862,0.541,0.095,-1.000,4.667,8,3,55.556,3.126,6.766,0.540
PI3Ka,3HHM,control,P16,False,-0.011,0.001,23,90.749,59.351,31.398,337.540,8.000,4.088,0.633,0.391,15.714,4.286,4,-1,40.909,3.711,8.127,0.455
PI3Ka,3HHM,control,P17,False,-0.019,0.000,26,94.127,67.559,26.568,242.266,1.500,3.764,0.460,0.154,-5.875,4.625,7,1,52.174,3.681,7.728,0.774
PI3Ka,3HHM,control,P18,False,-0.019,0.002,38,107.789,70.353,37.436,276.925,3.333,3.671,0.393,0.158,10.692,5.000,9,-2,48.148,3.911,7.935,0.293
PI3Ka,3HHM,control,P19,False,-0.020,0.368,106,263.555,128.300,135.254,918.224,18.167,3.972,0.519,0.340,22.323,4.194,19,5,45.714,7.202,17.564,0.133
PI3Ka,3HHM,control,P20,False,-0.028,0.000,17,70.666,24.776,45.890,224.929,3.000,4.036,0.550,0.235,64.875,4.375,2,0,35.714,2.840,5.402,0.413
PI3Ka,3HHM,control,P21,False,-0.030,0.000,19,71.057,31.205,39.852,246.881,4.000,3.837,0.537,0.263,21.625,4.000,3,0,47.059,2.752,5.439,0.442
PI3Ka,3HHM,control,P22,False,-0.031,0.001,17,86.755,65.018,21.737,302.508,4.000,3.894,0.656,0.294,2.778,4.556,8,1,60.000,3.468,7.761,0.262
PI3Ka,3HHM,control,P23,False,-0.032,0.021,16,95.791,18.502,77.288,382.065,13.000,4.036,0.660,0.875,4.800,4.800,4,1,31.250,3.914,8.615,0.607
PI3Ka,3HHM,control,P24,False,-0.035,0.004,50,109.999,72.562,37.436,307.127,9.000,3.792,0.447,0.200,36.308,5.154,7,1,44.828,3.525,9.331,0.334
PI3Ka,3HHM,control,P25,False,-0.037,0.000,17,94.070,53.010,41.059,324.313,3.000,4.156,0.545,0.235,10.167,3.833,5,0,46.667,3.771,9.172,0.469
PI3Ka,3HHM,control,P26,False,-0.039,0.001,16,72.250,39.644,32.606,233.684,5.000,3.803,0.516,0.375,6.000,3.500,3,-2,33.333,2.807,7.127,0.532
PI3Ka,3HHM,control,P27,False,-0.041,0.000,15,52.692,33.370,19.322,185.799,0.000,3.989,0.534,0.000,8.500,4.167,4,0,61.538,1.943,3.773,0.640
PI3Ka,3HHM,control,P28,False,-0.044,0.001,24,117.815,67.094,50.720,362.624,1.000,3.910,0.585,0.083,25.182,4.727,7,0,54.167,4.463,10.066,0.531
PI3Ka,3HHM,control,P29,False,-0.046,0.003,19,64.101,19.419,44.682,220.552,14.000,4.115,0.579,0.789,2.143,5.000,7,3,29.412,2.323,5.025,0.560
PI3Ka,3HHM,control,P30,False,-0.048,0.019,34,147.055,62.521,84.534,464.848,13.000,3.990,0.516,0.471,18.143,4.214,8,0,39.286,5.414,14.033,0.361
PI3Ka,3HHM,control,P31,False,-0.048,0.000,18,46.897,22.744,24.153,98.290,0.000,3.586,0.428,0.000,-8.375,4.500,5,-1,56.250,1.555,3.919,0.297
PI3Ka,3HHM,control,P32,False,-0.050,0.053,23,61.093,13.995,47.097,233.968,20.000,3.777,0.607,0.913,38.667,5.000,3,0,22.222,2.041,6.080,0.388
PI3Ka,3HHM,control,P33,True,-0.053,0.899,156,411.458,188.700,222.758,1569.137,29.767,3.898,0.493,0.385,14.676,4.027,22,-2,39.583,10.057,24.686,0.295
PI3Ka,3HHM,control,P34,False,-0.054,0.040,68,215.328,87.319,128.009,697.255,9.556,3.870,0.452,0.265,5.143,4.048,15,-1,45.455,6.868,16.289,0.212
PI3Ka,3HHM,control,P35,False,-0.054,0.000,28,115.938,90.578,25.360,352.856,0.000,3.937,0.595,0.036,-10.182,4.000,9,-2,60.000,4.096,9.434,0.546
PI3Ka,3HHM,control,P36,False,-0.055,0.001,36,92.384,58.412,33.972,239.174,2.000,3.656,0.423,0.083,-12.364,3.000,8,-1,58.333,2.989,6.628,0.204
PI3Ka,3HHM,control,P37,False,-0.062,0.041,43,138.743,85.132,53.611,463.753,23.200,3.966,0.581,0.581,8.455,3.818,7,-1,41.935,4.581,11.947,0.349
PI3Ka,3HHM,control,P38,False,-0.064,0.007,37,114.022,52.116,61.906,341.452,10.000,3.795,0.490,0.297,20.462,4.231,7,1,44.444,3.750,9.279,0.645
PI3Ka,3HHM,control,P39,False,-0.066,0.000,17,52.369,37.877,14.492,146.298,5.000,3.742,0.526,0.353,13.833,3.500,4,1,53.846,1.611,3.925,0.366
PI3Ka,3HHM,control,P40,False,-0.076,0.017,30,111.157,51.983,59.174,323.718,16.444,3.846,0.518,0.600,7.714,5.286,5,1,37.500,3.735,9.017,0.130
PI3Ka,3HHM,control,P41,False,-0.078,0.010,22,110.034,45.555,64.479,253.926,11.000,3.699,0.390,0.545,31.286,5.429,4,1,35.000,3.871,9.702,0.254
PI3Ka,3HHM,control,P42,False,-0.080,0.005,40,111.357,77.543,33.814,345.939,11.846,3.872,0.449,0.325,21.889,4.111,6,0,53.846,3.371,8.104,0.857
PI3Ka,3HHM,control,P43,False,-0.083,0.003,19,103.748,32.498,71.250,292.569,10.000,3.978,0.670,0.579,-6.500,5.500,5,1,44.444,3.635,8.186,0.440
PI3Ka,3HHM,control,P44,False,-0.086,0.002,15,49.987,17.143,32.843,134.416,10.000,3.951,0.483,0.733,41.750,3.875,3,-2,30.769,1.356,3.618,0.339
PI3Ka,3HHM,control,P45,False,-0.089,0.000,15,60.339,21.695,38.644,152.024,5.000,4.050,0.543,0.400,-31.250,3.750,3,1,33.333,1.779,3.804,0.290
PI3Ka,3HHM,control,P46,False,-0.090,0.011,23,64.849,24.998,39.852,223.320,20.000,4.165,0.576,0.913,9.400,4.800,2,1,17.647,1.775,4.462,0.307
PI3Ka,3HHM,control,P47,False,-0.095,0.000,15,90.708,74.772,15.937,239.922,2.000,4.059,0.653,0.200,4.000,4.500,6,1,56.250,3.012,6.338,0.381
PI3Ka,3HHM,control,P48,False,-0.095,0.003,35,141.491,107.677,33.814,546.460,2.000,3.944,0.540,0.086,-3.000,3.900,8,0,55.172,4.474,15.301,0.367
PI3Ka,3HHM,control,P49,False,-0.098,0.010,22,110.826,48.029,62.797,363.497,12.571,4.144,0.638,0.636,9.833,5.333,4,2,38.095,3.700,9.156,0.414
PI3Ka,3HHM,control,P50,False,-0.100,0.000,18,93.860,60.046,33.814,245.220,1.000,3.964,0.547,0.111,1.375,4.500,6,-3,47.059,3.025,6.248,0.183
PI3Ka,3HHM,control,P51,False,-0.101,0.002,24,110.143,50.890,59.253,339.747,8.000,3.904,0.432,0.375,52.750,4.750,2,0,36.842,3.556,7.731,0.305
PI3Ka,3HHM,control,P52,False,-0.106,0.000,16,94.236,60.422,33.814,201.203,4.000,3.854,0.507,0.312,25.167,4.167,3,1,42.857,3.044,6.968,0.248
PI3Ka,3HHM,control,P53,False,-0.107,0.000,17,79.691,41.047,38.644,171.133,3.000,3.856,0.492,0.235,22.857,5.143,5,1,46.667,2.369,5.196,0.458
PI3Ka,3HHM,control,P54,False,-0.108,0.072,74,155.458,75.755,79.703,420.935,17.000,3.848,0.442,0.243,7.714,4.286,9,0,40.000,4.061,11.109,0.079
PI3Ka,3HHM,control,P55,False,-0.115,0.001,16,49.405,32.498,16.907,95.777,10.000,3.657,0.608,0.688,37.750,5.250,2,0,38.462,0.972,3.013,0.303
PI3Ka,3HHM,control,P56,False,-0.122,0.000,22,80.558,55.198,25.360,248.639,2.000,4.178,0.521,0.136,13.571,4.714,5,0,53.333,2.114,4.816,0.447
PI3Ka,3HHM,control,P57,False,-0.125,0.000,25,109.122,62.025,47.098,349.079,4.000,3.726,0.477,0.200,20.400,3.900,4,2,47.619,3.167,7.618,0.108
PI3Ka,3HHM,control,P58,False,-0.126,0.019,22,95.775,16.072,79.703,213.369,17.000,3.860,0.605,0.818,52.833,4.500,3,0,16.667,2.776,5.330,0.289
PI3Ka,3HHM,control,P59,False,-0.129,0.027,26,81.366,18.569,62.797,215.966,21.000,4.010,0.536,0.846,43.857,4.857,3,2,23.529,1.998,4.289,0.285
PI3Ka,3HHM,control,P60,False,-0.130,0.000,20,87.756,56.358,31.398,188.142,2.000,3.807,0.421,0.150,20.000,5.571,4,3,37.500,2.390,5.423,0.230
PI3Ka,3HHM,control,P61,False,-0.130,0.005,25,75.843,31.161,44.682,178.150,13.000,3.978,0.480,0.560,38.900,4.800,5,1,41.176,1.758,4.110,0.347
PI3Ka,3HHM,control,P62,False,-0.135,0.076,62,189.832,99.260,90.572,596.432,20.636,3.925,0.474,0.355,36.600,4.667,8,6,37.500,5.141,12.496,0.600
PI3Ka,3HHM,control,P63,False,-0.138,0.001,24,75.152,40.131,35.021,194.692,6.000,3.991,0.496,0.292,17.000,4.500,5,3,52.941,1.665,4.319,0.367
PI3Ka,3HHM,control,P64,False,-0.139,0.004,40,157.487,81.090,76.397,606.899,14.000,4.202,0.589,0.375,3.500,4.500,7,0,45.161,4.525,9.380,0.262
PI3Ka,3HHM,control,P65,False,-0.160,0.659,39,137.521,31.249,106.271,407.059,32.000,3.951,0.531,0.872,61.818,4.909,4,1,25.000,3.673,10.308,0.404
PI3Ka,3HHM,control,P66,False,-0.168,0.000,16,87.667,56.269,31.398,220.276,0.000,4.116,0.649,0.062,-6.000,3.833,4,0,57.143,2.074,4.194,0.522
PI3Ka,3HHM,control,P67,False,-0.169,0.002,24,96.391,21.518,74.873,222.298,5.000,3.868,0.467,0.250,6.889,4.111,5,-1,33.333,2.284,6.050,0.083
PI3Ka,3HHM,control,P68,False,-0.169,0.001,17,114.033,57.274,56.759,301.380,6.000,4.010,0.534,0.412,-1.833,5.167,5,2,47.059,3.135,7.310,0.485
PI3Ka,3HHM,control,P69,False,-0.174,0.006,24,190.056,64.146,125.910,546.919,6.000,4.073,0.596,0.417,32.909,4.727,7,3,37.037,5.991,14.236,0.306
PI3Ka,3HHM,control,P70,False,-0.202,0.000,34,122.377,78.903,43.475,326.256,1.000,3.839,0.529,0.059,11.900,3.400,7,0,60.870,2.688,6.282,0.387
PI3Ka,3HHM,control,P71,False,-0.220,0.004,45,165.287,115.775,49.513,626.044,13.000,4.100,0.528,0.311,5.667,4.250,8,1,52.941,4.011,10.719,0.232
PI3Ka,3HHM,control,P72,False,-0.221,0.020,54,188.332,96.157,92.176,467.156,17.200,4.018,0.474,0.370,6.615,3.846,5,-1,33.333,4.688,9.749,0.309
PI3Ka,3HHM,control,P73,False,-0.229,0.333,104,257.327,144.859,112.468,771.488,25.172,3.972,0.501,0.279,7.304,4.565,18,3,40.678,5.781,13.615,0.397
PI3Ka,3HHM,control,P74,False,-0.230,0.004,16,99.211,19.508,79.703,240.778,12.000,4.135,0.744,0.812,17.000,4.600,3,-1,31.250,1.933,5.462,0.385
PI3Ka,3HHM,control,P75,False,-0.238,0.023,67,256.178,135.415,120.763,823.454,9.231,4.018,0.526,0.194,5.789,4.316,16,2,53.191,6.512,16.616,0.260
PI3Ka,3HHM,control,P76,False,-0.243,0.001,21,140.741,80.359,60.381,301.311,6.000,3.990,0.446,0.333,14.900,3.200,4,-1,50.000,3.425,8.485,0.466
PI3Ka,3HHM,control,P77,False,-0.243,0.055,48,183.410,90.423,92.987,500.706,17.000,4.160,0.517,0.375,17.143,3.071,4,1,42.424,4.530,11.399,0.452
PI3Ka,3HHM,control,P78,False,-0.252,0.084,102,409.991,176.285,233.706,1360.151,16.093,3.984,0.549,0.422,32.360,4.360,14,4,41.772,9.472,21.668,0.504
PI3Ka,3HHM,control,P79,False,-0.383,0.037,150,466.738,226.024,240.714,1455.710,8.519,3.932,0.495,0.180,13.667,4.185,14,1,46.237,8.904,23.806,0.431
PI3Ka,3HHM,control,P80,False,-0.405,0.150,130,422.511,254.413,168.098,1183.013,16.207,3.835,0.446,0.223,5.969,3.750,18,1,46.753,8.331,20.638,0.268
PI3Ka,3HHM,control,P81,False,-0.670,0.388,224,628.103,305.666,322.437,1875.542,27.321,3.973,0.483,0.250,6.730,3.973,23,-2,47.458,9.327,26.095,0.282
